Match ID,Event ID,Formation,Lineup
15946,9f6e2ecf-6685-45df-a62e-c2db3090f6c1,442,"{20055,6374,5213,5492,5211,5203,5470,6379,5477,5246,5503}"
15946,0300039d-150d-41e4-b29a-76602ef002e6,451,"{6629,6618,6615,6855,6612,6839,6617,6626,6632,6581,6613}"
15946,3ffa05fd-8046-46cb-97c9-5add5a15ac74,433,"{20055,6379,5213,5492,5211,5203,5470,3501,5503,5477,5246}"
15946,0363ba7c-4a9e-42cf-937a-85aa5adb07ce,442,"{6629,6618,6615,6855,6612,6626,6632,6617,6935,6566,6613}"
15946,f938c9cd-6f51-4b2a-be0e-bc145f468d5e,433,"{20055,6379,5213,5492,5211,5203,5470,11392,5503,3501,5246}"
15946,92035681-1490-40fc-acf6-cb593a7172d2,433,"{20055,6379,5213,5492,5211,5470,8206,11392,5503,3501,5246}"
15956,2bb933a9-8a0b-4cbf-8c8c-fa40816ed359,41212,"{11302,11297,11304,11293,11298,11294,11303,11300,11291,6760,11296}"
15956,e4327a98-e4c9-4134-9f0f-ea1ef5dd5c41,433,"{20055,6379,5213,5492,5211,5203,5470,3501,5503,5477,5246}"
15956,eb8206a3-824f-430e-ac35-0d4704f59da6,442,"{20055,6379,5213,5492,5211,5470,5203,5477,3501,5503,5246}"
15956,428373db-c403-4802-80c4-caaee82cb08c,442,"{11302,11297,11304,11293,11298,11303,11300,6742,11291,6760,11296}"
15973,11098fbd-4121-4503-9ae3-d432d6f647e4,433,"{20055,6379,5213,5492,5211,5203,5470,3501,5503,5477,5246}"
15973,fdef514a-805b-4969-b322-61421e4f84f7,442,"{9747,11676,11677,6788,6734,11674,11669,11673,11675,11672,11671}"
15973,5cce8c89-7d77-4e9f-ab79-1006a7cad68a,4411,"{9747,11676,11677,6788,6734,11674,11669,11673,12554,11675,11671}"
15973,ebf5f44f-af32-46d5-98ad-0d40702de55d,4411,"{9747,11677,6857,6788,6734,11674,11669,11676,12554,11675,11671}"
15973,fd9f9c20-12f6-43ed-b599-ee6825c9b681,442,"{20055,6379,5213,6826,5211,8206,5203,5477,3501,5503,5246}"
15978,c49b57c0-8b25-4183-acd7-b13a52464607,442,"{6694,6605,6679,5573,6704,6676,6671,6685,6669,6899,6695}"
15978,129dbbf1-1faf-48cd-a550-022a5154cb90,433,"{20055,6374,5213,5492,5211,5470,6379,6998,5503,5477,5246}"
15978,20d961fd-8860-4519-8553-44cede4500d9,433,"{20055,6379,5213,5492,5211,5470,6998,3501,5503,5477,5246}"
15978,ff9b194a-3725-46ba-873d-acc8dfcb288d,433,"{20055,6379,5213,5492,5211,5203,5470,3501,5503,5477,5246}"
15978,1f8fa18f-63d5-4db4-a1da-172680bbd07b,442,"{6694,6605,6679,5573,6704,6676,6671,6685,6899,6906,6695}"
15978,63171ef3-349f-47cd-b6ec-f50f8b92368d,433,"{20055,6379,5213,5492,5211,5203,5470,8206,5503,3501,5246}"
15986,02a7b444-6b4e-463d-8e1a-a11d27bc780d,433,"{20055,6374,5213,6826,5211,5203,8206,11392,5503,5477,5246}"
15986,e1315a5c-776e-4bdf-80fe-fe845c52ce87,352,"{6785,6579,6573,6572,6578,6560,6565,6570,6888,6582,6351}"
15986,237adc21-1e90-441d-9ea4-4e98722ba781,433,"{20055,6374,5213,5203,5211,6826,8206,11392,5503,5477,5246}"
15986,fe9e513f-4779-4ac5-8947-a255d2260de5,41212,"{20055,6374,5213,5492,5211,5203,8206,11392,6826,5503,5246}"
15986,63776c00-b073-4750-a6ff-18bd06ab0f97,352,"{6785,6579,6573,6572,6578,6560,6574,6565,6567,6582,6351}"
15998,30fc6c07-f0ea-48f6-b8c4-3b385b529073,32221,"{6610,17818,6598,6601,6738,11730,6667,6599,6608,16212,6301}"
15998,12be4231-3122-485c-81f6-f119c0973c7a,41221,"{20055,6379,5213,5492,6332,5203,5470,3501,5503,5477,6616}"
16010,a57472ff-3b0d-4bee-a6a0-7a5069302d22,433,"{20055,6374,5213,6826,5211,6379,8206,5470,5477,3501,5246}"
16010,5e52a608-d702-4960-9cd1-7cedd9405c77,442,"{11748,6649,6877,6665,6789,6775,6396,6390,3023,6391,6393}"
16010,56f08d61-8019-4066-9dc0-7c1c8ed66c01,4231,"{20055,6374,5213,6826,5211,5203,5470,5477,5503,3501,5246}"
16023,94e5fbbd-fa9e-4486-80ad-e76190b8855c,442,"{6590,11634,6891,6746,6596,6595,6589,6583,4367,3457,6401}"
16023,c0c42505-3aea-4de5-b24d-073d382cf91b,433,"{20055,6374,5213,6332,5211,5203,5470,11392,5503,3501,5246}"
16029,94823405-febc-413b-aaa2-e39a53d357d3,433,"{20055,6374,5213,6826,5211,5203,5470,11392,5503,3501,5246}"
16029,192afb5f-5a54-4b76-aace-6dca599a594f,352,"{11541,6825,5534,6804,6821,6919,5504,6720,6719,5218,6723}"
16029,48754564-0777-4f89-82ee-7488434b64e8,32122,"{11541,5742,6825,6804,6821,6919,5504,6720,6719,5218,6723}"
16029,28dead8d-fd03-4ed3-9318-b3c7d6e38e5f,32122,"{11541,5742,6825,6804,6821,6919,3610,6720,5504,6334,6723}"
16056,8553b2fc-af4b-46be-995f-5df83c3297db,433,"{20055,6379,5213,6826,5211,5203,5470,11392,5503,3109,5246}"
16056,9a7f43a7-658b-4cce-81b2-b870e5fa4361,3412,"{6792,6648,7068,6777,6658,17304,5563,5214,3313,7910,6651}"
16056,d988b77f-946c-4032-a942-24ef9735a214,343,"{6792,6648,7068,6777,6658,17304,5563,5214,6673,3313,7910}"
16056,0c029bc4-574a-4910-aefe-7bd96ecfaef7,433,"{20055,6379,5213,6826,5211,5470,13599,8206,5503,6616,5246}"
16056,d610c1f2-33b7-4459-969f-6c39179dd250,4231,"{20055,6379,5213,6826,5211,13599,8206,5503,5470,6616,5246}"
16073,5e3d09b4-4741-43af-b3ca-9b451c458b3a,442,"{6378,5696,6376,5484,6320,5199,6765,6381,3245,5487,5198}"
16073,f2c941ff-922b-4296-a1b9-a494f394229b,442,"{20055,6374,5213,5492,5211,6379,5203,11392,8206,5503,5246}"
16073,9967a021-3ac7-4243-8447-805dff410a0e,442,"{20055,6374,5213,5492,5211,8206,5203,11392,6998,5503,5246}"
16073,cf42b6a7-a944-4fe2-bb57-2f69aeb6f344,442,"{20055,6374,5213,5492,5211,5477,5203,8206,6998,5503,5246}"
16073,7310ecb6-ee68-4963-8bba-2fe3f1c0a01f,442,"{6378,5696,6376,5484,6320,6381,6765,5199,6841,5487,6377}"
16073,eac8502f-c98b-4b1e-a205-cddd0720931c,442,"{20055,6374,5213,5492,5211,5477,5203,6998,3109,5503,5246}"
16079,adbf520d-fe67-4b5b-b17b-f9434f7312c9,4141,"{20055,6374,5213,6826,5211,5203,5477,5470,8206,3501,5503}"
16079,f4c08899-ea60-4e22-b723-0a914ec63e4e,4141,"{6755,6772,6762,6752,6737,11385,16335,6771,11386,6764,6766}"
16079,038b3166-c80a-497b-8ffd-ca78e39675f5,4141,"{6755,6772,6762,6752,6737,11385,16335,11386,6764,5688,6766}"
16086,ccbb71bd-c04a-4ae1-9808-91279bc65c57,4231,"{6768,6791,6754,5598,6886,3236,6866,6838,6902,6758,11391}"
16086,235aa8bd-06db-417e-8e4a-14a5300131f4,41221,"{20055,6374,5213,6826,5211,5203,8206,5470,5503,5477,5246}"
16086,ef0f5553-498a-44ce-8dc8-5a6a7a2c7b1e,41221,"{20055,6374,5213,6826,5211,5203,6609,8206,5503,3501,6616}"
16095,4cd029d7-a318-41e7-b54b-0dce6ea9b5af,3412,"{6692,6809,6682,6807,6691,6784,6688,6782,6680,6678,6668}"
16095,9c662ea6-e7f9-49a9-8c97-974c809b7ed8,3511,"{20055,5213,6826,6332,5477,5211,5203,5470,8206,5503,5246}"
16095,4294e30a-3323-40ae-bf6b-d15fad190978,3511,"{20055,5470,5213,6826,5477,5211,5203,8206,11392,5503,5246}"
16095,5324d5a2-9934-4671-a00b-f8077415f3b1,442,"{6692,6672,6809,6807,6784,4407,6782,6691,6688,6668,21147}"
16095,cd3c4700-87ac-49ce-aa20-f3565ec2840c,3511,"{20055,5470,5213,6826,5477,5211,5203,11392,3501,5503,5246}"
16095,00523e87-4db9-4ff5-a538-c7e7dc68ca73,4411,"{6692,6668,6672,6807,6784,4407,6688,6691,6782,6809,21147}"
16109,b211493d-e1fa-419c-84e5-4ace7c26a511,433,"{20055,6374,5213,6826,5211,5203,8206,5470,5503,5477,5246}"
16109,34ce2e0e-d730-4995-b34d-7fb972defd13,442,"{6795,6805,11388,17804,6876,12555,6852,6799,3625,5217,6297}"
16109,52bc10ee-ad72-44b1-97e1-8be0b85a5f88,4231,"{6795,6805,11388,17804,6876,6852,6798,6799,11389,3625,6297}"
16109,05add0d6-010f-440f-9e52-29abbad13ad2,433,"{20055,6374,5213,6826,5211,5203,5470,11392,5503,5477,5246}"
16109,e9cc1d3a-2f99-4818-95c9-282b6d27a179,433,"{20055,6374,5213,6826,5211,5470,13599,11392,5503,3501,5246}"
16120,779da12c-1e5a-43dd-8b92-eba8ade8e2e6,442,"{6722,6627,6634,6635,6619,6901,6863,4546,6873,6611,11550}"
16120,02f517b5-d6cb-45b6-bb7a-08dd0ed36079,41221,"{20055,6379,5213,6826,5211,5470,8206,11392,5503,5477,5246}"
16120,c8fbeac5-1c00-4005-a8b0-c6668a919c64,4222,"{6722,6627,6634,6635,6619,6901,6863,6873,11550,6630,6611}"
16120,0e973742-2c62-4e61-b7cb-6cb33bdefef0,41221,"{20055,6379,5213,6826,5211,5203,5470,11392,5503,5477,5246}"
16120,56387d40-ec2a-4f07-b38c-4ba4f8a482e8,4222,"{6722,6627,6634,6635,6619,6901,6863,6873,4712,11550,6630}"
16131,b634e2ba-8644-4ab4-abef-749ccc2ee47e,433,"{20055,6379,5213,6826,5211,5203,5470,11392,5503,3501,5246}"
16131,97fe20ec-4332-435f-b8b3-62d853d76910,4231,"{10763,6710,6709,7907,6705,6712,6867,7105,6701,17620,6700}"
16131,a092f074-eedb-4a41-9f6b-0b7f8c6127be,433,"{20055,6379,5213,6826,5211,5470,8206,11392,5503,3501,5246}"
16131,b07f48fa-2338-4def-b4a3-0a45ec334cbb,442,"{20055,6379,5213,6826,5211,8206,5470,5477,3501,5503,5246}"
16131,13b84daa-a740-4f34-a638-a0ebf7cbe235,4231,"{10763,6710,6709,7907,6705,6867,6701,7105,6711,8555,6700}"
16136,6510c179-d5cc-4557-a466-ed98311d9654,433,"{20055,6379,5213,6332,5211,5203,13599,11392,5477,3501,5246}"
16136,7014799b-feb4-4463-940d-093225d7d618,343,"{6610,17818,5830,6603,3991,11730,6580,6667,16212,6301,4447}"
16136,ebcc17f1-ea99-4d91-b85e-4ef912faf29d,352,"{6610,17818,5830,6603,3991,11730,6580,16212,6667,6301,4447}"
16136,8d1625df-7487-411c-a8f6-4afeb5e67ee6,4231,"{20055,6379,5213,6332,5211,5203,5470,5477,5503,3501,5246}"
16149,b49d443c-19db-4516-b7d1-d947f37dd9c2,352,"{6785,6579,6573,6572,11292,22129,6565,6888,6570,6351,6582}"
16149,f601b49c-1ae1-4939-85db-9766ece281c9,433,"{20055,6374,5213,6826,5211,5203,8206,5470,5503,3501,5246}"
16149,a047beea-0513-4af6-a234-ce08f0f46a5f,41212,"{6785,11292,6579,6572,22129,6565,6888,6570,6573,6582,6351}"
16149,5a27d0f9-dd70-468f-b244-428a0f85a599,433,"{20055,6374,5213,6826,5211,5203,5470,11392,5503,3501,5246}"
16149,e207e6a8-96bb-412f-80d2-094a2c36a73a,433,"{20055,6374,5213,6332,5211,5470,6379,11392,5503,3501,5246}"
16157,41c370df-e684-4c08-a70e-b1fe4ccfce25,433,"{20055,6374,5213,6332,6379,5470,13599,8206,5503,3501,5246}"
16157,7aee1529-ec45-4df3-8e90-7305381f119e,442,"{6590,11634,6891,6746,6587,6797,3437,6595,5186,5718,6401}"
16157,920406d6-e46b-458f-9d77-0fdf97127d00,41221,"{20055,6379,5213,6332,5211,5470,13599,8206,5503,3501,5246}"
16157,ed1e95e8-0fd1-4de6-8643-a5ef9ea53716,442,"{6590,11634,6891,6746,6587,6797,3437,6595,6748,5718,5186}"
16173,a621d181-794b-47db-9a06-7e1726292d1b,4231,"{6662,6649,6877,6665,6789,6396,6775,6390,6391,3023,6393}"
16173,cc90bb2f-122e-4943-80f1-14a81178ad91,433,"{20055,6379,5213,6826,6374,5203,5470,8206,5503,3501,5246}"
16173,9dde9ecb-f87e-4bb3-953a-52b181b28580,433,"{20055,6379,5213,6826,6374,5203,8206,5470,5503,3501,5246}"
16173,83881f10-3de1-451d-a3c3-968fc7e9b0ed,4231,"{6662,6649,6877,6665,6789,6775,6389,6390,6391,3023,6393}"
16173,99e385c1-8e34-4496-b190-aa8c4250cf05,4231,"{6662,6649,6877,6665,6789,6775,6389,6391,6842,3023,6393}"
16173,c8f248eb-d0d9-425b-8487-5111b0447113,4411,"{6662,6877,6389,6665,6789,6842,6775,6391,3023,6649,8540}"
16182,da686eac-2161-4c27-b868-63f0e4903685,41221,"{20055,6379,5213,6332,5211,5203,8206,13599,5503,5477,8668}"
16182,854c3839-fd64-4840-836f-1f38f7d278f3,3412,"{11302,22020,11304,11293,18164,11298,11303,11301,7699,6760,17027}"
16182,136154c0-485a-482b-acfc-b377a1e2d5ff,41221,"{20055,6379,5213,6332,5211,5203,13599,8206,5503,5477,8668}"
16182,1154618d-63ad-429f-bbeb-6ce0536ac23a,3412,"{11302,22020,11304,11293,18164,11298,11303,11301,6742,23492,17027}"
16190,f16615a3-c65b-4761-b0cf-f51ce4ea6677,42211,"{11541,5742,5534,6804,8068,5504,7040,6821,13360,6720,6723}"
16190,8ee1ec19-067a-47cf-bb30-a83e2de1c5d5,41221,"{20055,6374,5213,5492,5211,5203,8206,5470,5503,3501,5246}"
16190,4ebf0c8d-a456-4d27-90ac-e5c57ee8858d,4231,"{20055,6379,5213,5492,5211,5470,5203,5477,5503,3501,5246}"
16190,ec092226-c7b9-40ae-a941-f52c97cd7ef1,42211,"{11541,6821,5534,6804,8068,5504,7040,6719,13360,6720,6723}"
16190,a0369479-df32-47a2-9098-a30006965168,42211,"{11541,6821,5534,6804,11332,5504,7040,6720,13360,6719,6723}"
16190,8147170f-da1a-4299-8b23-c435d578b921,3421,"{11541,11332,5534,6804,6821,13360,6719,5504,6720,3610,6723}"
16190,7c36a11d-af95-4873-a36c-03ccd0acae4b,4231,"{20055,6379,5213,5492,5211,5470,5203,5503,3501,5477,5246}"
16190,542af430-0218-4fa2-af3c-04faf7037f9d,41221,"{20055,6379,5213,5492,5211,5203,5470,13599,5503,5477,5246}"
16196,a02bd210-88fa-46f7-bafb-9702b9ca63da,433,"{3509,5721,5485,5201,18620,5539,5463,5574,6399,18395,19677}"
16196,becea3ee-0727-480a-b597-ea777ff3d9e4,433,"{20055,6379,5213,6826,5211,5203,5470,11392,5503,5477,5246}"
16196,afa4d257-bc08-481f-ab2d-ffe890377d99,433,"{20055,6379,5213,6826,5211,5203,8206,5470,5503,5477,5246}"
16196,bb88d401-dac5-480a-834a-7ea5fdd3482b,4231,"{3509,5721,5485,5201,18620,5463,6773,5719,4926,18395,19677}"
16196,5873e30b-7fb1-4c0d-9ba8-aa0f9d72f00a,433,"{20055,6374,5213,6826,5211,8206,6379,5470,5503,3501,5246}"
16205,a306772c-f64e-411e-828e-eee2d194b501,433,"{20055,6374,5213,5492,5211,5203,8206,11392,5503,3501,5246}"
16205,73d7b5c6-2186-40aa-b904-c9b7bfb31670,343,"{21397,17054,6924,6652,5521,11538,4346,12194,7900,12192,16209}"
16205,33dcaa8c-18ea-4626-94dd-270fca3dbfd4,4231,"{20055,6374,5213,5492,5211,8206,5203,5477,5503,3501,5246}"
16205,13384fd3-4b21-4af8-87ab-b4859ee020b6,4141,"{21397,5521,17054,6924,11538,12194,7900,4346,11535,12192,16209}"
16205,b245a8ec-4775-483e-8e77-c883652b8835,442,"{20055,6374,5213,5492,5211,5470,5203,8206,5477,5503,5246}"
16205,10c5ce5a-123a-4b6a-931a-694b70377b2a,442,"{20055,6374,5213,5492,5211,8206,5203,5470,5477,5503,5246}"
16205,4e9e6c47-779e-49ce-8098-e2e724f1e938,4231,"{20055,6374,5213,5492,5211,5470,8206,3109,5503,5477,5246}"
16215,c4cf61b3-8ed8-4c8d-9fcb-85a23f171b44,352,"{6792,6648,7068,6777,6651,6658,5214,6673,5563,3313,3990}"
16215,17813ca1-b402-46b2-8d98-9d5c5f1df26f,442,"{20055,6379,5213,6826,5211,5470,5203,11392,8206,5246,5503}"
16215,d0f3ec09-af1d-437c-9172-951690934d33,442,"{20055,6374,5213,6826,5211,5203,5470,6379,8206,5503,5246}"
16215,97c7e0c3-8a36-4a00-8cfe-e977f3e75011,3412,"{6792,6648,7068,6777,23522,6658,6673,5563,7910,22915,3990}"
16215,942285fd-743d-4e41-8f4d-f6ec94b01303,3412,"{6792,6648,7068,6777,23522,6658,5563,6673,7910,22915,3990}"
16215,a38a076a-75e8-4606-a1dc-c0fdfd61b950,442,"{20055,6374,5213,6826,5211,8206,5203,6379,13599,5503,3501}"
16231,cb992c55-ed63-4211-aeee-9eda5a00bcc3,433,"{20055,6374,5213,6826,5211,5203,5470,11392,5503,3501,5246}"
16231,23f25cb1-2bfd-4021-9b5d-d27484142163,352,"{6768,22919,6769,6790,6569,22287,6758,6770,6866,6902,11391}"
16231,50cbacec-e4b4-4df3-bb5d-94c211fbd333,433,"{20055,6379,5213,6826,5211,5203,5470,8206,5503,3109,5246}"
16240,b42e2f2c-7372-4aa3-89a1-c0e5bc80e881,343,"{6755,6762,4629,6752,6772,6737,11384,11386,16335,3497,3551}"
16240,7ea94dfd-7e7f-44b8-9a53-1dbc7deecfc0,433,"{20055,6379,5492,6826,5211,5203,8206,11392,3109,3501,5246}"
16240,dfc2ac16-04e5-45d4-9a94-07082e28131b,433,"{20055,6379,5492,6826,5211,5203,8206,11392,5503,3109,5246}"
16248,cd0c4ea5-526a-4e9a-a83a-b3a3936763b3,433,"{20055,6379,5213,6826,5211,5203,5470,11392,5503,3501,5246}"
16248,e797f68c-7ce4-4112-86b5-c0ca231a4cf7,442,"{6378,5696,5259,5249,6320,6383,6765,5199,6381,5487,5198}"
16248,a3ae66ef-e23c-4048-9b73-1f9cebe69aa7,41212,"{6378,6383,5259,5249,6320,6765,5199,6381,5198,5487,6377}"
16248,97cfaafe-5c2f-4314-b8e1-a7e2ca7c630b,41212,"{6378,6383,5259,5249,6381,6765,5199,5487,5198,6377,3477}"
16248,8172f389-bbcf-4d68-8169-975249a62a80,433,"{20055,6374,5213,6826,5211,5203,5470,13599,3109,5503,5246}"
16265,e9f48bc8-32f9-407d-8109-4f73b735bd1d,433,"{20055,6374,5213,6826,5211,5470,8206,11392,5503,5477,5246}"
16265,01e72363-a52a-4bf7-beda-505fc8f2f8ac,433,"{6694,6605,6679,6713,22452,6676,3042,6899,6685,6695,6721}"
16265,0987349f-bf50-4faa-b066-4a8adfbb6582,433,"{6694,6605,6679,6713,22452,3042,16210,6899,6685,6695,6721}"
16265,84be927f-8163-49c5-a804-d1b3a0bf7505,433,"{20055,6374,5213,6826,5211,5203,8206,5470,5503,5477,5246}"
16265,396bee1d-8571-4074-9dca-f933ec47679e,433,"{6694,6605,6679,3042,22452,6899,16210,6685,3508,22321,6721}"
16275,c36b2163-9e36-426f-8397-675b557c0474,343,"{6629,6615,6636,6923,6856,6612,6626,6622,6739,6581,6566}"
16275,a4568b82-f784-41d1-b416-eb824a426a15,433,"{20055,6374,5213,5492,6379,5203,8206,13599,5477,3501,5246}"
16275,92735129-4fff-46ae-bdf9-cde84797f7be,433,"{20055,6379,5213,5492,6374,5203,8206,13599,5477,3501,5246}"
16275,7dc754a0-2224-4aa5-9f9f-76d0dc2b91dd,433,"{6629,6856,6615,6923,6612,6626,6604,6622,12190,6581,6566}"
16275,64ebdceb-274f-4ffd-b91a-72521b5060d3,442,"{6629,6856,6615,6923,6612,12190,6604,6622,6626,6038,6566}"
16289,ed34b3ee-c0d2-4ff9-a710-14ad3b2218ca,433,"{20055,6374,5213,6826,5211,5470,8206,11392,5477,3501,5246}"
16289,ce900143-6f72-462f-b5f7-cf8dd6b987bb,4141,"{23344,6672,6592,6807,6675,17303,6691,6680,6688,18163,21147}"
16289,6c371eff-2eff-4cf0-8604-e53c8df77f8c,433,"{20055,6374,5213,6826,5211,5470,8206,11392,5503,5477,5246}"
16289,be7e94c5-422b-4ec3-8df5-31f8066f5738,4141,"{23344,6672,6592,6807,6675,6688,6691,6680,6782,6668,21147}"
16289,b3c71459-c476-4000-a8e1-ca4d84c8dc23,4141,"{23344,6672,6592,6807,6675,6688,21147,6691,6782,6668,6684}"
16306,72430016-0e5f-4b77-abbd-11352f6ef332,433,"{8652,6379,5213,5492,5211,5203,5470,8206,3109,3501,5503}"
16306,1ff99fb5-9bae-4107-9d93-0b8a4bb3bd8f,442,"{6722,6627,6634,6635,7104,6901,6863,4546,5693,6630,6611}"
16306,7cea7d7f-7c53-4a71-90ec-b8cac7f417a8,442,"{8652,6374,5213,5492,5211,8206,5203,6379,13599,5503,24976}"
16317,d0cd5861-053a-4b15-a7bf-fd4248e2da9d,442,"{6698,8555,6708,6778,6705,6712,6701,7105,17620,6700,6707}"
16317,619d49a7-6fea-401e-9539-2d3c9ce5f0ec,433,"{8652,6374,5213,6826,5211,5203,8206,5470,6379,3109,5503}"
16317,c98fc5d6-eb16-4285-9e10-fbe89aa64c85,433,"{8652,5674,5213,6826,5211,5470,8206,13599,6379,3109,5503}"
303377,6671fa2c-bebe-4849-8131-8c53b18d9108,433,"{20055,6379,5213,5492,5211,5203,8118,11392,5503,30756,5487}"
303377,d5251d01-165a-4edd-8ed2-f4e6d1ce60ca,442,"{6722,3991,6634,6788,7104,6863,6901,5466,17620,6630,11550}"
303377,45198b66-421e-4790-b864-4627f33df7eb,442,"{6722,3991,6634,6788,17620,6863,6901,5466,3666,6611,11550}"
303377,81542f48-018b-4953-bf49-ea96f48d2dd3,41212,"{20055,6379,5213,5492,17304,5203,8118,5470,8206,5503,5487}"
303400,5c4966d5-1e26-455d-b85b-8fe05686e777,442,"{6898,6797,6891,6746,6596,6748,3437,6589,6583,6401,6297}"
303400,fa323f55-2b2c-4c2e-84e2-21efe0d60dca,352,"{20055,6379,5213,5492,30756,5211,5203,8118,11392,5503,5487}"
303421,58310656-5008-4320-be81-2bc3f00b45da,442,"{6571,6618,6615,23263,6935,26387,6659,6632,3513,6732,3265}"
303421,e938206f-27dd-4e99-af66-a39076ad1ed4,433,"{6590,6379,32480,6826,5211,5203,8206,24841,5503,30756,5246}"
303421,cfa1328b-a3be-4bec-b717-9aa1f2ee25f9,4141,"{6571,6618,30419,23263,6935,6632,26387,6565,6659,24049,3265}"
303421,53b957bd-2f71-4eb4-99e4-2f88e397f6c8,433,"{6590,6374,32480,8206,5211,5203,6379,24841,5503,30756,5246}"
303430,66e0ed7f-044a-492a-a8b7-cb86ba92c14a,433,"{20055,6374,5213,6826,17304,5203,6379,11392,5503,5487,5246}"
303430,2e8f61e9-14d8-44fd-8d90-1239545f4482,4231,"{6755,6710,7030,6892,24729,3141,3497,16335,11386,20063,6766}"
303430,cb9f83ef-1ca2-4d43-951a-1af7b4127cce,433,"{20055,6374,5213,6826,17304,5203,8118,11392,5477,30756,5487}"
303451,253f30f7-009b-4115-ad79-c2cad59244d4,433,"{20055,6379,5213,6826,17304,5203,5470,8118,5503,5487,5246}"
303451,a683273f-fdc3-4d25-9243-b33fa50d2dfb,442,"{24083,24576,24084,24086,24089,31090,24087,24072,24088,23986,8654}"
303451,f7ba142f-5e88-4b1b-857c-fd127d98ae5f,442,"{24083,24576,24084,24086,24089,31090,24088,24087,23986,8654,11671}"
303470,63db0f97-d340-4fd3-bafa-e62f341cc0af,4141,"{3509,5721,5485,5201,5552,5539,6773,4926,5574,18395,19677}"
303470,35e4c279-bc39-4adc-9bf0-664b5f7a9b8e,442,"{20055,6374,5213,5492,5211,11392,5203,8206,8118,5503,5487}"
303470,da26ad05-7a0d-4248-9437-8a5c237a8409,433,"{20055,6374,5213,5492,5211,5203,11392,8118,4447,5487,5503}"
303473,7b301987-e8f1-42c7-80c0-ffe8f2e8eafb,433,"{20055,6379,11532,5213,6374,8118,8206,11392,5503,5477,5246}"
303473,c8ab6406-f4b1-4882-86ee-d2a7076055eb,433,"{11541,6821,3366,6825,18620,16003,5504,12021,4345,6724,20033}"
303473,59edca6d-1025-4bec-93a1-a802e905ee3b,433,"{20055,6379,11532,5213,6374,5203,8206,8118,5503,5477,5246}"
303473,17a94d4e-6be7-46e8-bdc9-65c1d6e744c6,442,"{20055,6379,5203,5213,6374,5503,5470,8118,5246,5477,32480}"
303479,f77e84dd-7ccd-447b-aec1-860f702644b3,433,"{20055,6374,5213,6826,5211,5203,5470,8118,5487,4447,5503}"
303479,844e050e-d680-4d7b-9732-8989badd8a33,4231,"{32185,6670,6713,22128,3498,24236,3042,6582,8252,22321,8819}"
303479,186b7ca1-6131-40ec-b27b-e0077f0d2679,433,"{20055,6374,5213,6826,5211,5203,8206,8118,4447,30756,5503}"
303479,3a81fec3-363d-4fda-9f6e-83df5969a6cc,451,"{20055,6374,5213,6826,17304,5203,30756,8206,8118,5211,5503}"
303487,c1da157c-dac5-4cd6-8dd6-ca8e9e5eda9f,433,"{20055,6374,5213,5492,17304,6379,8118,11392,5503,30756,5487}"
303487,ede1f6c5-68f2-4856-a4fd-a861421a37ea,352,"{6795,16555,11388,24730,6805,6776,11389,6798,4558,5217,5516}"
303487,fc69953c-bada-4a0b-8c5b-c62a2fcda6ea,433,"{20055,6379,5213,5492,17304,5203,8118,11392,5503,30756,5487}"
303487,5116d4c6-bb0a-4cd4-8f86-7aed32ff79c5,433,"{20055,6379,5213,5492,17304,5203,8118,11392,5477,5487,5503}"
303487,43254c3b-230e-4273-bb50-2641dbdbba88,433,"{20055,6379,5213,5492,17304,5203,8118,11392,5503,5477,5246}"
303493,0015881a-f9bd-4561-9f81-1c49bc396be1,433,"{20055,6374,5213,6826,5211,5203,11392,8206,5503,5487,5246}"
303493,4b9ac8f4-c13e-49ad-b38a-721495d9e633,4231,"{11748,6649,6397,6877,6789,11746,6667,6392,30225,6387,6393}"
303504,9684e340-dd29-47a8-b93b-4014236b3093,442,"{23344,11676,6682,6592,23948,6796,11669,6688,6782,6668,21147}"
303504,7f287319-1b3f-4857-a2a1-8e08fae7067b,433,"{20055,6379,5213,6826,6374,8118,8206,11392,5503,5487,5246}"
303504,08ae18b0-a612-47a8-ac5d-eaa620d223b5,433,"{20055,6379,5213,6826,6374,8118,8206,11392,5487,25006,5503}"
303504,7cefe4c9-a96e-462f-8798-2a7c5dba9e72,433,"{20055,6379,5213,6826,6374,5203,8118,11392,5487,25006,5503}"
303504,b4e70288-e2cf-4045-a30c-a962c2437c38,442,"{23344,11676,6682,6592,23948,6796,11669,6680,6688,6668,21147}"
303504,93b01426-9486-45fd-8dee-f5023d028680,4231,"{20055,6379,5213,6826,6374,8118,5203,25006,5503,30756,5487}"
303504,b2e91b28-2750-4961-acaf-8989085505bb,442,"{23344,11676,6682,6592,23948,6796,11669,6809,17303,6680,21147}"
303516,eca6a030-6ca1-40f8-a7cc-abcb0306e5f8,352,"{6795,16555,11388,24273,22029,41116,12555,6799,6609,5217,5194}"
303516,bc7df3de-6219-4c49-8208-9e7cfb820ad2,433,"{20055,6374,5213,5492,5211,5470,8206,24841,5503,30756,5246}"
303516,cf7e7256-4b7c-441d-8b29-4c5783a333c7,352,"{6795,16555,11388,24273,22029,41116,6310,6998,6609,5217,6724}"
303516,3a58c017-41d1-4316-87f5-e7d1ff7a3a8a,3421,"{6795,16555,6585,24273,22029,6609,6998,6310,6594,6724,5217}"
303517,ff411f4f-1b3b-4d85-b5ae-5ad69a78e767,433,"{20055,6379,5213,5492,5211,5203,8206,13599,5503,5487,5246}"
303517,962371ae-3cbb-4a50-9379-c73b40ece1af,4411,"{6629,6618,6636,6923,6612,6400,6565,6632,6626,24078,6732}"
303517,c155a011-3d32-4783-87df-4296dc79ad14,433,"{20055,6374,5213,5492,5211,8118,8206,13599,5503,25006,5487}"
303524,b2d99be6-06b0-47f3-a456-3f50af73219a,442,"{6378,3308,11167,6790,6381,6377,5575,6383,5199,3477,12041}"
303524,4e2dcb1c-6012-4d4b-809e-48ba69b14e52,433,"{20055,6379,5213,6826,17304,5470,11392,8118,5503,5487,5246}"
303524,5bad6c21-0727-440c-b112-2a1b8b9ee9ec,433,"{20055,6379,5213,6826,17304,5470,8118,11392,5503,5487,5246}"
303524,9e0fb853-c5b7-4298-93db-efd93d0ac80b,433,"{20055,6379,5213,6826,17304,5470,8206,8118,5503,5487,5246}"
303532,05754365-5e2f-44ba-b9fd-59eae635db02,433,"{20055,6379,5213,6826,17304,5203,5470,11392,5503,30756,5487}"
303532,628b0483-0e4d-4044-b405-b5bcdcf283e0,352,"{6610,3139,17818,6598,6851,11730,6599,3610,6580,6606,6602}"
303532,01fb3ed7-9a43-49fd-b8e5-2cd03ddf9c58,3412,"{6610,3139,17818,6598,6851,11730,6580,6599,6606,6602,16024}"
303532,d93e4d41-e305-45f9-8f93-de797c9e6f7b,3412,"{6610,3139,17818,6598,6851,11730,6599,6580,6606,6602,16024}"
303532,86caaded-4039-489e-a2a8-be7f1a796116,352,"{6610,3139,17818,6598,6851,11730,11332,6599,6580,6602,16024}"
303548,34ff56cb-1521-4daa-9b82-bc27c9d0732a,442,"{24083,24613,24084,24086,24089,24269,24072,31090,24088,11671,8654}"
303548,8f1141b2-c153-4f8a-8e8a-06dc2b28e267,433,"{20055,6379,5213,32480,5211,5203,8206,8118,5503,4447,5487}"
303548,35787a85-2fad-4cdc-a899-01e68cac3437,442,"{24083,24613,24084,24086,24089,24269,24072,31090,11671,24088,8654}"
303548,ccfb7a3b-1a9d-4ee9-9cbf-2302bd947d22,442,"{24083,24613,24084,24086,24576,24087,24088,3122,24079,31090,24067}"
303548,97e816fd-5bf8-4348-9d7b-78d95b8031d0,433,"{20055,6374,5213,32480,17304,11392,5470,5211,5503,4447,5246}"
303596,b78a40c7-b389-424d-ace1-9d626f4f0d4e,433,"{20055,6374,5213,6826,5211,5470,6379,8118,5503,5487,5246}"
303596,07a3ee14-8122-4cfa-90cc-c7e6a5476ab3,41212,"{3509,5721,5485,5201,3804,5539,6773,5574,4926,6399,19677}"
303596,ddb71dff-d3e6-4737-a19f-cf815d36b2e1,433,"{20055,6379,5213,6826,5211,5470,8206,8118,5503,5487,5246}"
303600,bb1e1354-5242-4f5a-b080-f5cc410cb4b4,433,"{20055,6374,5213,6826,5211,5203,8206,8118,5503,30756,5246}"
303600,ef2c4361-fc15-4d99-9622-b12e3fe0b951,3412,"{11302,22020,11304,17520,11292,11298,11301,11303,11296,17027,24777}"
303600,1fa813aa-1359-4df6-96f7-069fa7242a26,41212,"{11302,11292,11304,30519,17520,22020,11301,11303,11296,17027,24777}"
303600,c8c15ee0-b7ca-4cde-815a-ba3d14cf80a4,4411,"{11302,11292,11304,30519,17520,12073,22020,11301,24777,11296,17027}"
303600,91d81cb6-dabb-4360-a1ce-502e5235406c,433,"{20055,6379,5213,6826,6374,5203,8206,5470,5503,5487,5246}"
303610,9445ae16-7c10-4b72-9f8d-681524423ddc,352,"{20055,6379,5213,5492,30756,5211,5203,8206,5470,5503,5487}"
303610,1abe7dae-ad7e-4fef-a992-ac8aae991ffa,4231,"{24140,24133,23807,24134,4546,24052,6982,24143,24127,11501,8866}"
303610,5502a5d6-4af6-46bb-82be-a3df26d2a03e,4411,"{24140,24133,23807,24142,4546,16249,6982,24126,24134,11501,8866}"
303615,ddf1cc84-7318-4857-9197-1525a86e2430,41212,"{20055,6374,5213,6826,5211,5203,5470,6379,5503,5487,5246}"
303615,4c047c2b-f379-437b-aed5-fb29d684befe,352,"{6768,11293,6573,6635,32670,6886,6754,31885,6866,11539,16209}"
303615,76ca3a40-565f-410f-8073-946fc0e5d244,41212,"{20055,6379,5213,6826,5211,5203,5470,30756,5503,5487,5246}"
303615,9c91c56c-c645-434a-8211-4bc5edbd6201,352,"{6768,11293,6573,6635,32670,6886,6754,11539,6866,31885,16209}"
303615,f039cdc9-9ef4-4b3b-8907-b6293a55829c,41212,"{6768,32670,6573,6635,6886,6754,3236,6866,11539,31885,16209}"
303615,69e6e2f8-0940-48f3-86c9-acd63dfab95c,41212,"{20055,6379,5213,6826,5211,5203,5470,8206,5503,30756,5246}"
303634,158618b4-b594-408f-9071-f128b3b16ed5,433,"{20055,6374,5213,6826,17304,5470,6379,24841,5503,30756,4447}"
303634,c048732e-6899-4b6b-b9d9-b0ad923a91f6,352,"{24211,24212,6693,23950,6591,24085,30277,6604,23945,6810,6735}"
303634,12b32783-76c1-4660-8725-b5a5837fe196,352,"{24211,24212,6693,23950,6591,24085,23944,30277,23945,6810,6735}"
303634,17dd1acc-a112-4542-8397-80f5610bd5eb,433,"{20055,6379,5213,6826,17304,5470,8206,24841,5503,30756,5246}"
303634,4e3614ff-d205-4ecc-863e-1e612f5394be,3511,"{24211,24212,6693,23950,6591,24085,23944,30277,23945,23213,24315}"
303652,c5d3e4fe-2816-407d-a111-a7f2db9fc676,442,"{6768,6791,6769,6573,6886,6754,6866,32670,6902,6930,3236}"
303652,ce6e38f2-c6f9-490f-87a5-9d30edc42df3,433,"{6590,6379,5213,6826,5211,5203,5470,8118,5503,5487,5246}"
303652,33ff4235-1563-465a-a638-f6c1a6e3f0b0,442,"{6768,6791,6769,6573,6886,6388,6866,3236,30421,6930,23343}"
303652,dd909b27-ce3f-4782-bd76-c6b9a1f2139d,4411,"{6590,6374,5213,6826,5211,6379,5203,5503,8206,8118,5246}"
303664,3fddf19a-7d96-457f-ba74-11c446731b33,4141,"{32185,6605,6676,6713,3498,24236,6582,8252,3042,6685,8819}"
303664,3e53ec64-d741-4ca5-9059-85ce797b057d,433,"{20055,6379,5213,6826,5211,5203,5470,8118,5503,5487,5246}"
303664,882f89fa-fc7c-4ee0-9f39-f345e052fb00,433,"{20055,6379,5213,6826,6374,8118,5470,13599,5503,5487,5246}"
303666,58ca2054-76f8-4813-9419-48eea9bef911,4231,"{24140,24133,23807,24134,25702,16249,24144,24126,24127,11501,26009}"
303666,5575a4ef-f319-4e42-8b9a-69a2d190df13,433,"{20055,6374,5213,6826,17304,8118,6379,5470,25006,5487,5246}"
303666,d2829bfb-24c5-49d7-b29a-9a0bd696637e,4231,"{20055,6379,5213,6826,6374,8118,5470,5487,5503,30756,5246}"
303674,d6a44324-ad3c-4303-b41f-9c89fce257af,433,"{11541,6821,4445,3366,18620,16003,6701,12021,4345,6616,20033}"
303674,e335c219-95b8-4f0b-a86a-d28bff287495,442,"{20055,6374,5213,6826,5211,8206,5203,5470,4447,5503,5246}"
303674,529381d2-1f1b-42cd-abcf-b10737331679,433,"{11541,6821,4445,3366,18620,16003,6701,5504,7022,4345,20033}"
303674,056aa739-017e-46bc-9fe0-0ed65a4e7b85,343,"{11541,4445,16489,3366,6821,18620,5504,16003,7022,4345,6301}"
303680,b26e15e1-ffdd-482f-9dce-3ccb87fc8d89,41212,"{11302,11297,11304,21225,6601,22020,24141,11300,40881,17027,11296}"
303680,eaacb458-bdab-4f88-ad35-789a55db2e43,41212,"{20055,6374,5213,6826,5211,5203,6379,24841,8206,5503,5487}"
303680,d8588bb2-c146-4c48-a2b3-1736f9122de3,442,"{11302,11297,11304,21225,11298,12073,24141,11296,40881,17027,6760}"
303680,e286432d-fc2e-4437-9167-bfd5dbe30be4,442,"{20055,6374,5213,32480,5211,5470,5203,8206,6379,5503,5246}"
303680,1a075682-04aa-4cce-9399-2189c978310d,352,"{20055,32480,5213,17304,6374,5211,5470,8206,6379,5503,5246}"
303682,cf04d983-a2eb-4590-8415-de7c9f61c4b7,433,"{20055,6374,5213,6826,5211,5203,8118,5470,5503,30756,5487}"
303682,ee917936-9c91-4680-92ec-1b5f2467667d,442,"{23344,11676,6682,6592,6784,11669,17303,6680,6688,6668,6684}"
303682,d56b4a50-54c4-42e3-9136-059ed2f67967,442,"{23344,11676,6682,6592,6784,17303,6688,6680,12020,6684,21147}"
303682,73db86ee-6b12-4e23-a757-33dbd1a18e5d,4141,"{20055,6374,5213,6826,5211,5203,6379,8118,5470,30756,5503}"
303696,3446ccfd-1398-4590-9698-e95409f7609f,41212,"{20055,6374,5213,6826,5211,5203,8206,5470,24841,5503,5246}"
303696,a0f123fa-13da-412e-b9d8-69d35a777306,442,"{6378,5696,5259,11167,26532,6383,6381,6377,5633,6840,5198}"
303696,bb963aa5-71d3-45d3-bdbc-abbccd6e9cde,442,"{6378,5696,5259,11167,26532,6383,6381,3245,6841,12041,3477}"
303696,ebd134c4-0a8c-47c0-a42f-209a5b45f974,41212,"{20055,6374,5213,6826,5211,6379,8206,24841,30756,5503,5246}"
303700,228e1928-fb72-4da1-83d0-57e6502d9dc8,442,"{6698,8555,6708,6709,6705,6907,13107,6867,7105,6700,6707}"
303700,0aab7963-b891-4fbd-9749-12728356a652,433,"{20055,6379,5492,6826,5211,5203,8118,11392,5503,5487,5246}"
303700,f711a47e-fe72-4dfd-9ee7-1f2224043461,433,"{20055,6374,5492,6826,5211,5203,8206,8118,5503,5487,5246}"
303707,d00c7432-5431-4736-bc4e-083f031864d8,4141,"{16309,23522,6648,7068,11538,26404,13599,6673,5214,2948,11391}"
303707,bb1b165c-5526-4db6-b849-c51e11647f8d,41212,"{20055,6374,5492,6826,17304,5203,6379,8118,8206,5503,5487}"
303715,e161549e-b9ad-4d79-b84d-fec490c51b39,343,"{6610,6598,5830,6603,6569,11730,3610,6599,16212,4447,6301}"
303715,651e1a7a-e5fa-4f52-8f80-e846bce44c23,4231,"{20055,5674,5213,5492,17304,8118,5203,5477,5503,5487,5246}"
303715,411f76a3-d763-4b92-80e0-3e40dd4227a3,4231,"{20055,5674,5213,5492,17304,8118,5203,5487,5503,5477,5246}"
303715,75741c19-1bb4-40b3-bede-5cc79f63204b,4231,"{20055,5674,5213,5492,17304,8206,5470,5477,5503,30756,5246}"
303725,8a0d7113-4624-455a-97d2-61c81aa5cde6,442,"{6755,6772,7030,6892,3515,3141,3497,16335,11386,6766,6402}"
303725,a895edcb-4e54-4132-a182-0b53411fae0e,41212,"{20055,6374,5213,6826,5211,5203,8206,6379,5503,5487,5246}"
303725,57c62b9d-b68b-4a95-9c77-3b2d50644cdb,4231,"{6755,6772,7030,6892,3515,22819,11675,16335,3141,11386,5688}"
303725,9ddcd4dc-2487-4230-b24a-d40cfbb65d58,4231,"{6755,6772,7030,6892,3515,3141,22819,16335,6771,11675,5688}"
303725,568ffd1f-b80b-441c-8442-2b6e5271e9cf,41212,"{20055,6379,5213,6826,5211,5203,8206,5470,24841,5503,5487}"
303725,d7c3fe52-ca16-4c37-9aad-41e8811088c6,433,"{20055,6379,5213,6826,5211,5470,8206,24841,5503,30756,4447}"
303731,d0fdc490-0cf2-48de-a516-7e3ea6498ec8,433,"{20055,6374,5213,6826,17304,5203,5470,11392,5503,8206,5487}"
303731,745ef8bb-3a10-4a7c-ac36-1334e8df2d28,4231,"{6698,23981,23803,6709,6705,6867,6910,7105,6712,5687,6700}"
3749052,3b20dc57-5cb7-46a8-bccb-b09d984478d7,442,"{40319,24765,40314,40312,40304,40311,40313,10525,40305,17727,40320}"
3749052,61306f72-bec9-466f-9d43-c1152531323c,442,"{20015,40222,38412,15637,12529,15515,26014,40221,19312,15042,15516}"
3749068,898e2fe4-cac9-4112-baea-c88246959702,442,"{40274,40272,20488,40279,40275,40277,15638,40278,3872,25960,11348}"
3749068,63a6191e-5ce1-49e4-b9aa-50fe3eff8dbc,442,"{20015,40222,38412,15637,12529,24972,40221,15515,19312,15042,15516}"
3749068,3886c320-2c75-4f69-8df2-48efbe78b512,442,"{40274,40277,20488,40279,40275,40276,15638,40278,3337,25960,11348}"
3749079,a056b560-9fd7-4bb5-8a74-7e119856d923,442,"{20015,40222,38412,15637,12529,24972,40221,26014,19312,15512,15516}"
3749079,1a52b3a1-5432-4cae-a723-da4f35fbcd81,442,"{40260,4724,20281,40123,40258,20254,20330,40261,20444,34394,18105}"
3749079,a3370972-674c-47f2-b451-f49a8283648e,442,"{40260,4724,20281,40123,40258,20254,40261,20330,20444,34394,18105}"
3749079,ab825684-ddcf-4cea-9c43-8b800e5519ed,442,"{20015,40222,38412,15637,12529,15042,40221,26014,19312,24971,15516}"
3749079,ff33f7e5-f417-4731-9e74-8d4ec249de56,442,"{40260,4724,20281,40123,40258,20254,20330,15524,40259,40262,34394}"
3749108,3e8f75bc-1699-458c-950d-544804bfbf8c,442,"{20015,40222,38412,15637,12529,40221,15515,15754,19312,15512,15516}"
3749108,67f87bcf-080c-4555-9b14-7bc3938578fa,4141,"{20145,40361,15761,24763,40359,364784,40360,40363,3633,4394,40362}"
3749108,034721c1-eea6-4c9a-ba4b-1a96fc7b0cd4,4141,"{20145,40361,15761,24763,40359,3633,40360,40363,4394,20327,40362}"
3749117,c4abeba1-b103-452d-a4a5-15a7ca014951,433,"{19497,129558,40285,40281,40282,40287,375066,375070,40286,3538,24794}"
3749117,7264f166-2dc1-4abc-85a0-4dd2107e3de4,442,"{20015,38412,15637,26194,12529,24972,15515,15754,19312,24971,15516}"
3749117,3f827459-5416-47ed-a82b-3e4f5ce1c5d6,433,"{19497,129558,40285,40281,40282,20189,375066,3538,375067,40286,24794}"
3749117,9e8ae3c9-afb2-4a26-a7a8-6e8415c3045a,442,"{20015,40222,15637,26194,12529,24972,15515,15754,26014,19312,15516}"
3749117,7086e446-231d-4a93-98ef-b3c21a418931,442,"{20015,40222,15637,26194,12529,40221,15515,24972,26014,19312,15516}"
3749133,5485c101-4dd7-4d32-a873-21e61b796c99,442,"{20145,40361,15761,24763,40359,40363,20019,4394,3633,20180,40362}"
3749133,6483008d-db53-4bfa-991c-29a23948560c,442,"{20015,40222,15637,26194,12529,15515,40221,15754,19312,24971,15516}"
3749133,76f595b7-1b01-4a1e-8a02-c14052ad4dd2,433,"{20015,40222,15637,26194,12529,15515,40221,26014,24972,15516,38412}"
3749153,cf4a3e17-2ca9-4158-8c8b-8bcf5b60c339,442,"{20015,40222,15637,26194,12529,15515,40221,15754,19312,40255,15516}"
3749153,de57ef12-2d52-469f-a7ba-8e34f5e72b18,442,"{40322,40326,40325,15403,40328,40327,40324,40329,9585,17793,40323}"
3749192,8b3f7b56-a2ff-42a1-b8ea-8f5f1f4f474a,442,"{20015,38412,15637,26194,12529,40221,26014,15754,19312,15042,15516}"
3749192,63ee9493-641e-4052-9dc7-bf1bf7aaea8e,4231,"{15036,40408,40415,40413,40414,40412,38566,40407,40411,40409,20505}"
3749192,8ef5cdf0-6339-464a-b4ba-b899bfc7773e,4231,"{15036,40408,40415,40413,40414,40412,38566,40409,40411,40407,20505}"
3749192,401769c8-44a7-4aad-ba84-7ced5fa4b7bc,4231,"{15036,40408,40413,40415,40414,38566,40412,40409,40411,40407,20505}"
3749192,70356a5b-6f08-48d8-ad07-7e75fb78f1b3,41212,"{20015,38412,15637,26194,12529,26014,15042,15754,19312,24971,15516}"
3749196,603b492b-dd5d-4d55-811a-105510e69040,442,"{20015,40222,38412,15637,12529,15754,24972,40221,19312,24971,15516}"
3749196,e032da50-60eb-4089-9b8a-8e1b931815ee,352,"{40274,40279,20488,38404,40318,40275,40317,15411,26149,20011,11348}"
3749196,9ba44aef-4004-4cee-8ef0-bece69b7cfa1,41212,"{20015,38412,15637,26194,12529,24972,15042,15754,19312,24971,15516}"
3749196,3a82db29-a650-4e8f-a106-64d6e85f06d2,442,"{20015,38412,15637,26194,12529,15754,24972,26014,19312,15516,15042}"
3749233,f99d24e5-7b0d-43b4-82b7-67cb639c5b63,442,"{20015,40222,38412,15637,12529,15754,24972,40221,19312,15516,15042}"
3749233,dc160dc4-47a1-4c90-8705-5f34996f7fb7,4321,"{20329,40215,20447,40218,24758,38552,38465,19636,38551,40217,15519}"
3749233,164cbbe6-f8a1-4b6c-8388-dd53bbf5385f,442,"{20015,40222,38412,15637,12529,24972,40221,26014,19312,15516,15042}"
3749246,a356c4d4-af2a-44c8-a8bd-6342386333c0,442,"{20015,40222,38412,15637,20302,15515,26014,15754,19312,23816,15516}"
3749246,f741c203-df2d-4bff-b6c8-c73cd379608f,4411,"{40364,15402,40366,20341,16890,4022,40365,24805,20175,15666,19729}"
3749246,a7931c09-c8bd-4e81-bfa6-1fe96092ecdd,4411,"{40364,15402,40366,20341,16890,4022,15666,24805,20175,20505,19729}"
3749253,a950af48-8f29-480a-874a-acf74f6da9a6,442,"{34390,34392,40254,34389,34386,40256,19109,40257,15280,34391,15665}"
3749253,c2c09003-c0b4-45e8-80bf-1be9c57ba7a9,442,"{20015,40222,38412,15637,12529,24972,40221,26014,19312,40255,15516}"
3749253,b3e1c911-5e2d-4194-b86d-ed757bcdec92,442,"{20015,40222,38412,15637,12529,26014,40221,24972,19312,40255,15516}"
3749257,41e0ff39-da7c-451a-8f08-82d3a9b369f2,442,"{20015,40222,38412,15637,12529,15754,15515,40221,19312,15042,15516}"
3749257,d8c32d32-494b-4ae1-bb0c-d2f738952e3c,442,"{40236,40243,40241,24798,40239,15049,40238,15173,40237,40242,40240}"
3749257,dfaf4123-9b3f-4d16-af08-5cbb583ab8cb,442,"{40235,40243,40241,24798,40239,15049,40238,40237,40245,40242,40240}"
3749274,9fb355ea-f045-4727-81aa-3ba0ac1e8478,442,"{38403,376517,40339,40340,4357,40343,40338,15505,376516,40337,376518}"
3749274,14aaf3af-d212-4c38-9d1f-951b50cad37a,442,"{20015,40222,38412,15637,12529,24972,15515,376521,15754,23816,15516}"
3749274,80ee1a89-3e42-4540-b410-0cf86ae4d253,442,"{20015,40222,38412,15637,12529,24972,15515,15754,23816,24971,15516}"
3749274,4d68a035-6d2b-45b2-9e63-abaec8918b08,442,"{20015,40222,38412,15637,12529,24972,15515,15654,15516,24971,40255}"
3749276,c4db9a55-2f58-4e03-a3a7-1134024069fd,442,"{40271,20281,20257,20287,40258,20330,20286,20254,40261,11270,18105}"
3749276,00958b61-28d1-4d01-b277-eee840373d30,352,"{20015,15637,20302,40222,38412,19312,15515,40221,26014,15516,15042}"
3749276,2cd6b101-c705-4392-bbeb-4b6a1e34da49,352,"{20015,15637,20302,38412,40222,19312,15515,40221,26014,15516,15042}"
3749278,7b8cfff2-07f5-40b7-abdd-f8e89eccbca2,4141,"{40385,9353,40383,40390,40391,40386,21540,40389,40384,15073,40388}"
3749278,37484cd8-be4f-4efb-b196-dbba4becb58a,442,"{20015,38412,15637,26194,20302,15754,15515,40221,19312,15042,15516}"
3749278,e2813e8b-b896-4ba6-9a55-4ef3fb2b63f6,442,"{20015,38412,15637,26194,20302,24972,15515,40221,19312,15754,15516}"
3749296,7b7c29be-25a9-452b-8c28-cd51080003c1,442,"{20015,40222,38412,15637,12529,24972,15515,26014,19312,15042,15516}"
3749296,e58f4c39-c023-4b4c-8232-8ed49301dc5f,442,"{38403,40336,40339,40340,20402,40343,40338,15505,15259,15410,40337}"
3749296,67802f8e-ceca-4b26-896e-bbb37ed12fea,442,"{20015,40222,38412,15637,12529,15754,15515,24972,19312,15042,15516}"
3749310,7c79f196-ddf6-45fe-bcc2-4cd1a26c0f9d,442,"{40438,11009,40441,40444,40445,40439,40434,40435,40440,40442,40433}"
3749310,bfce8fd4-6bc6-43a3-9522-f306a21842af,442,"{20015,38412,15637,26194,20302,24972,15515,15754,19312,15042,15516}"
3749310,23689e23-866e-4f5b-b534-3c5aae76fa56,442,"{40438,11009,40444,40441,40445,40434,40435,40439,40440,40442,40433}"
3749346,298c5245-2362-486c-ac93-dbb1611b75b2,442,"{40132,40270,40263,40265,40268,38557,40266,26649,40269,40267,40264}"
3749346,36585e0f-1773-4e2d-b0c2-e0c0f83ad18c,442,"{20015,40222,38412,15637,12529,24972,40221,15754,19312,15516,15042}"
3749346,2a30473d-746b-434c-9cd6-ac1f6dee6ebc,442,"{20015,40222,15637,38412,12529,24972,40221,15754,19312,15042,15516}"
3749346,05161837-d037-455d-9f75-be585e872db5,442,"{20015,40222,38412,15637,12529,24972,40221,15754,19312,15042,15516}"
3749346,a4de59fd-bd90-4d8e-9bda-bd6a99cfecff,442,"{20015,40222,38412,15637,12529,40221,26014,24972,19312,15042,15516}"
3749358,6342e663-c61e-4cae-b036-d24e5768cfbd,442,"{40322,40402,40330,15403,40405,40324,40329,40331,40404,40403,40327}"
3749358,78179c77-25d0-4841-8a0e-4b7f6fec2ed2,442,"{20015,40222,38412,15637,12529,15515,40221,15754,19312,15512,15516}"
3749358,a9a73773-e57d-4166-a7fd-6b365bef2455,442,"{40322,40402,40330,15403,40404,40324,40405,40331,40329,40403,40327}"
3749358,d06565b8-44af-4715-942a-9216e07589f7,442,"{20015,40222,38412,15637,12529,40221,15515,24972,26014,15042,15516}"
3749360,b6dbf164-5f6d-4c5a-9fd7-90e06f17ecbc,442,"{20015,38412,15637,26194,12529,15754,15515,40221,19312,15042,15516}"
3749360,7adb3ff8-7a3f-4690-a763-5956e1e97c73,442,"{38464,15272,40355,40356,40353,40357,15095,40352,40354,9003,24766}"
3749360,e57a7e6b-d0d0-47b0-831f-1365b260f64d,442,"{38464,15272,40355,40356,40354,40357,15095,40352,40358,9003,24766}"
3749403,41e9d064-6116-43c2-9c44-dd2ee77c8f93,442,"{20015,40222,38412,15637,12529,15515,26014,40221,19312,15042,15516}"
3749403,9c9012d2-3638-4f72-8bf3-6315ed356f40,433,"{40385,9353,40393,40383,40390,40386,21540,40384,19772,40387,40388}"
3749431,4b714d09-0969-4929-b32d-d84436c940f0,442,"{20446,20059,40225,38418,40233,40234,24799,40229,40227,40226,40231}"
3749431,7244b52b-51c9-4563-8446-5082da544a7d,442,"{20015,40222,38412,15637,12529,40221,15515,15512,26014,15516,23816}"
3749434,faf6e4df-165e-4e5d-bf1f-b9c22babb867,4231,"{40292,40293,40296,40300,40298,40303,40290,40297,40302,40295,40301}"
3749434,42429c8b-a2d5-48e9-a585-20d7ddb03217,442,"{20015,38412,15637,26194,12529,26014,19312,15754,20302,15042,15516}"
3749434,ee1d1597-5180-49fc-a9ee-691aa94da5ad,442,"{20015,38412,15637,26194,12529,19312,26014,15754,20302,15042,15516}"
3749434,88c95937-1452-4001-b934-7b37c0054ee3,442,"{40292,40293,40296,40300,40298,40297,40290,40302,40295,40301,40299}"
3749434,6486a904-af28-48e4-ad2a-f73cc7237dff,442,"{20015,38412,15637,26194,12529,24971,26014,15754,19312,15042,15516}"
3749448,ffdbffbf-aad2-4694-a079-8ab4e0f20769,442,"{20015,40222,38412,15637,12529,40221,15515,15754,19312,15516,15042}"
3749448,8ab2e7df-7642-4f9b-ad8e-4da95dfe7fa2,442,"{34390,34388,40254,34389,34386,38522,19109,40257,34391,15659,15665}"
3749453,57487276-062a-4520-bb92-e6cec0b1ab9a,442,"{20015,40222,38412,15637,20302,15515,40221,15512,19312,15042,15516}"
3749453,a74a9d07-18d0-4118-9bc8-26b220efd927,442,"{40132,40270,40370,40369,40368,26649,40371,39847,3473,40373,40267}"
3749453,ca1b484d-880c-4577-abd0-7d553d22272e,442,"{40132,40270,40371,40369,40368,26649,40370,39847,3473,40373,40267}"
3749453,d9e1c673-f629-4a1e-926c-3c85cf9ad829,442,"{20015,40222,38412,15637,20302,15515,26014,24972,15512,23816,15516}"
3749454,280436a1-1b6c-49b8-b8e2-cf820b6239da,442,"{15409,40215,40220,40218,24758,19636,38552,38551,40217,40223,15519}"
3749454,37358f6f-00e7-45a9-be04-c5c42b521005,442,"{20015,40222,15654,38412,12529,40221,15515,15754,19312,15512,15516}"
3749454,3139ca7c-d9ad-4d1f-9711-55b95011569e,442,"{15409,40215,40220,40218,24758,19636,38552,38551,40219,15519,40217}"
3749462,bd8b3e91-2d88-4e44-9683-f7452419c37a,442,"{20015,40222,38412,15637,12529,15515,40221,15042,15754,15516,23816}"
3749462,0baf35ad-a6da-4e97-980e-fede7010e54f,451,"{40401,40296,40400,40300,40298,40290,40293,40302,40297,40295,40291}"
3749462,b7bf7c05-7894-4003-9dab-a3bca8570498,451,"{40401,40400,40296,40300,40298,40290,40293,40302,40297,40295,40291}"
3749462,5e931866-97f0-49dd-b92a-7991975c0933,433,"{20015,40222,38412,15637,12529,40221,15042,15515,15754,23816,15516}"
3749462,190fa39c-8ca4-4a40-84d9-61ef764c2df3,433,"{20015,40222,38412,15637,12529,40221,19312,15515,15042,23816,15516}"
3749465,6354f52c-207c-43f4-a154-a56acb352185,442,"{38464,40354,40356,40355,40395,15095,40357,40398,40397,24767,40396}"
3749465,cd1fb6dc-eaf4-4d91-b5f7-fadd248ce581,442,"{20015,40222,38412,15637,12529,40221,15515,19312,26014,23816,15516}"
3749465,373a61f3-dc71-4795-86a0-3d90b9c8397f,442,"{38464,40354,40355,40356,40395,40397,15095,40357,40398,40396,24767}"
3749465,b26f58cd-c8f5-488d-ae39-c07af66b2956,433,"{20015,40222,38412,15637,12529,40221,15515,26014,15516,19312,23816}"
3749465,3b8b9b11-7acd-4d47-951b-c939272f362b,442,"{38464,40354,40355,40356,40395,15095,40397,40357,40398,40396,24767}"
3749465,f42c3ab5-651d-4704-90c3-05079a980b61,442,"{20015,40222,38412,15637,12529,26014,15515,40221,19312,15516,23816}"
3749465,1c8bc269-5354-4e25-bbc9-0f010cb1ea53,442,"{20015,40222,38412,15637,12529,26014,15515,40221,20302,15516,19312}"
3749493,d78142c2-54c8-48fd-8346-67ab75d01a5e,442,"{20015,40222,38412,15637,12529,15515,40221,15754,19312,15512,15516}"
3749493,9815d71d-139d-430d-9c7a-5260db57773f,442,"{40280,40284,40288,40285,40281,38558,20189,15513,40289,40286,40283}"
3749493,46fb0342-0e9e-417c-810d-79f35e47a73c,442,"{20015,40222,38412,15637,12529,40221,15515,15754,19312,15512,15516}"
3749493,a74cf80e-84f1-41f9-a3bc-c3fe16544424,442,"{20015,40222,38412,15654,12529,40221,15515,15754,19312,15637,15516}"
3749493,eb724d72-2136-41b0-9534-82b12232d7be,442,"{20015,40222,15654,38412,12529,40221,15515,15754,19312,15637,15516}"
3749493,d5df1394-b93a-4ec6-838b-4e4ad0910d99,4231,"{40280,40284,40288,40285,40282,38558,40287,40286,15513,3538,40283}"
3749493,49a7609a-6d96-4f5f-8a71-b40ef5fe70c9,442,"{20015,40222,15654,38412,12529,40221,15515,24972,15754,15637,15516}"
3749522,9c325dc1-1368-43b8-b8ae-48718e286d10,442,"{20015,38412,15637,26194,20302,24972,15515,15754,19312,15042,15516}"
3749522,7e54c6b6-64a8-4d19-a46e-80b855c7b2a2,451,"{40310,40309,40314,40312,40304,15405,40308,40311,40313,40305,10525}"
3749522,f70315a6-256a-4f45-91c2-57390edadf54,442,"{20015,38412,15637,26194,20302,24972,15515,15042,26014,40255,15516}"
3749526,073b74b2-ccb4-496a-be59-43937f64ab1c,442,"{40378,13808,40381,40380,40377,40379,20286,20153,40376,40375,40382}"
3749526,87526918-8b52-42b1-be8c-2b02752bb1a9,442,"{20015,40222,15637,38412,12529,40221,24972,15754,19312,15042,15516}"
3749526,a9716f21-7098-4d55-b060-455d7fa16d83,442,"{20015,40222,38412,15637,12529,24972,40221,15512,19312,24971,15516}"
3749528,ccc71049-23cd-4d99-8118-1eb984db2cf9,442,"{20015,40222,38412,15654,12529,15515,40221,24972,15754,15512,15516}"
3749528,9a05b7e9-a839-4fb1-ae14-6ce8ee453806,442,"{20446,20059,40230,40225,40233,40228,40234,20326,40227,40226,40231}"
3749528,6c02f9dd-9c13-4e01-aa3d-fd71d65be2d7,442,"{20015,40222,38412,15654,26194,26014,40221,15754,19312,15512,15516}"
3749552,5a31a73b-1ddf-407e-9261-bd449192fd8a,4321,"{13042,15402,20171,20341,16890,24805,15660,40246,5207,20175,19729}"
3749552,c5ba9327-71f6-4d86-8c59-b456d8bc9c66,442,"{20015,40222,15654,38412,12529,40221,15515,24972,15754,15042,15516}"
3749552,caf6d623-9aca-405c-b515-e0d46fcb3499,4231,"{13042,15402,20171,20341,40246,15660,24805,5207,26199,20175,19729}"
3749552,0f835503-dc27-46b7-bba4-886b716812dd,442,"{20015,40222,15654,38412,12529,40221,26014,24972,15754,15515,15516}"
3749590,0603e956-98a8-481f-9f7e-d66025780cad,442,"{40236,375888,38569,375887,375889,15049,375890,40237,40239,40242,38556}"
3749590,3342dc98-3020-4680-b48b-65e59c5eb3bd,442,"{20015,38412,15637,26194,12529,40221,26014,15754,19312,15042,40255}"
3749590,2daf4be9-2786-48fd-afc4-ddd1046e5b62,442,"{40236,375888,38569,375887,375889,375890,40239,40237,375886,40242,38556}"
3749590,85b0fce4-a85f-4c74-9105-1085c106c6af,442,"{20015,38412,15637,26194,20302,26014,40221,15754,19312,12529,15512}"
3749590,9be325cf-e09d-4580-a709-1ab74dedfab6,442,"{40236,375888,38569,375887,375889,375890,375886,45969,40239,40240,40237}"
3749590,0c179387-d664-4dd1-844c-0a87cf6fef4b,3412,"{20015,15654,15637,26194,38412,20302,40221,26014,19312,12529,15512}"
3749603,302ad8f4-fe32-40f3-86ec-0e853e730fed,451,"{15036,40408,40421,40422,40420,40423,40412,40411,40409,40407,40424}"
3749603,c7927cb5-4ee4-4e73-84bf-98d2244e98b0,442,"{20015,40222,38412,15637,12529,15515,24972,15754,19312,15516,23816}"
3749631,604f9d94-6bc6-4655-8b0d-fb8a80049d9b,442,"{20015,40222,38412,15637,12529,40221,15515,24972,19312,23816,15516}"
3749631,5d11c5ee-d770-4309-814f-85461a552cec,442,"{40438,40436,40441,40445,377676,20193,40435,40434,377674,40437,40433}"
3749631,76c60005-1a88-47f2-a25e-16e95f00c57e,442,"{40438,40436,40441,40445,377676,40435,11009,40434,377674,40433,40437}"
3749631,787d871e-cb79-4c79-be33-6789757110d9,433,"{40438,40436,40441,40445,377676,40435,40434,377674,40437,40442,40433}"
3749642,90f4cb3a-7815-45b4-b5fe-af9c83fdc8c4,442,"{20015,40222,38412,15637,12529,15515,26014,15754,19312,15042,15516}"
3749642,69d9857a-5598-4a37-8900-adf7d4568da2,442,"{40378,40416,40380,40417,40377,13808,40379,20153,40376,40418,40375}"
3764440,d130c53e-c291-48bc-8372-721330fb160b,433,"{20055,43728,5213,5492,5211,6947,8118,30486,22390,4447,5503}"
3764440,d5c25be3-487e-40a0-887d-f5d274d2d57b,343,"{24165,6663,24169,9857,7897,5691,24517,18783,12072,15880,7064}"
3764440,0d407d46-ea6d-4a9b-942a-34a502026690,4231,"{20055,43728,5213,5492,5211,30486,8118,22390,5503,5477,4447}"
3764440,e1b891f7-79d3-4672-8512-0bb427b96bd6,343,"{24165,6663,24169,9857,24251,5691,24517,18783,12072,23825,7064}"
3764661,a8705d9e-0ce2-4f67-91e1-3486ed7a2fc2,442,"{11748,6699,6397,6665,3023,35473,6667,6649,6842,6393,6391}"
3764661,fba722f6-c49f-49ad-8b42-b187a6716457,433,"{20055,21881,32480,6826,5211,5203,8118,30486,5477,5487,5503}"
3773369,eae9e4da-8943-4eb9-a7bf-20a5ae54cca2,3421,"{20055,43728,8118,6826,21881,5211,5203,30486,5503,5487,5477}"
3773369,fa230b58-297b-499f-8ab8-3bd675665c3b,352,"{25598,11677,6603,21399,6564,23322,23307,11670,6656,24681,23812}"
3773369,aa63b779-ae87-4cf1-8cdf-5c98c365e60c,3511,"{25598,11677,6603,21399,6564,23322,30483,22199,11670,6656,23812}"
3773369,5e0f5be4-5be5-425e-8db1-fec818cf5edf,3421,"{20055,43728,32480,6826,22390,5211,5203,39073,5503,30486,5477}"
3773369,a62f1449-6859-4d44-ae0a-b1f6e9ba2326,3511,"{25598,11677,6603,16298,6787,23322,30483,6656,20063,22199,23812}"
3773369,04184f8b-76b9-4602-9632-a7ab67fe01a5,3511,"{25598,11677,6603,16298,6787,23322,30483,20063,6656,22199,23812}"
3773369,363234a0-ef56-439e-b621-c0d403474c84,3511,"{25598,16298,6603,11677,6787,23322,30483,20063,6656,22199,23812}"
3773372,b4d4b45a-9c5f-4b07-a886-4fb7d3c2f84b,352,"{20055,43728,5213,6826,21881,5211,5203,8118,30486,5503,5487}"
3773372,84f65597-851b-4c75-a93d-2df43a0788c0,343,"{6378,6376,11167,6790,3308,5633,6840,5199,6377,3245,5246}"
3773372,492419df-1bd2-4c9f-95d7-b59bb205cca2,433,"{20055,32480,5213,6826,5211,39073,6379,8118,5477,5487,5503}"
3773377,a0e4160a-e3b4-462a-9f27-36e81ca877a5,4141,"{20055,21881,32480,43728,5211,5203,5487,30486,3501,4447,5503}"
3773377,a1af69b2-5f1e-41c8-929b-446dc3ad4264,442,"{6898,6797,6746,4267,6596,38792,6583,24267,5186,6297,4367}"
3773377,a74977b2-6074-4e3b-9f6b-7d373a67a8c3,4231,"{20055,21881,32480,43728,5211,30486,8118,5503,5487,3501,4447}"
3773377,1139c718-084e-426c-a3dd-a28d51bb851e,4231,"{20055,21881,32480,43728,5211,30486,8118,22390,5503,3501,4447}"
3773377,d95db188-6035-4c33-ba00-bdc0b2bc64a7,343,"{20055,43728,32480,6826,21881,5211,30486,8118,22390,4447,5503}"
3773386,d2bccfa7-36d1-408a-8146-73e352d06887,4141,"{6629,6923,6615,3093,6612,10605,26387,6622,9462,24049,25134}"
3773386,2f5fae8c-fc9b-4319-914a-884e71023c3b,4231,"{6590,6379,5213,6826,5211,5203,8118,5477,5503,30756,5487}"
3773386,f619e4de-999a-4d66-abe1-9f4a2d58797d,4231,"{6590,6379,5213,8118,5211,6947,30486,22390,5503,30756,5487}"
3773387,8db26133-aca6-495c-ac2e-7012b88c5d6c,442,"{23344,11676,6592,5598,6784,6807,11669,32673,6782,6684,6668}"
3773387,42ac0c71-9115-43f3-803e-28e2a81c4f42,352,"{20055,32480,5213,6826,5477,5211,5203,8118,30486,5487,5503}"
3773387,ee0be757-d048-4a5b-9c31-a583e3a08126,352,"{20055,32480,5213,6826,5477,5211,5203,8118,30486,5503,5487}"
3773387,b6b1c93c-8205-4517-b1c1-7fa1e89bd2cc,442,"{23344,11676,6592,6807,6784,23966,11669,32673,6668,6684,30593}"
3773403,4b75abec-7e9b-4dfd-a884-3e247844a09c,4231,"{20055,43728,32480,5492,5211,6947,8118,5477,30486,5487,5503}"
3773403,3d5efc20-5d76-44e8-b38f-30cdd882aa57,442,"{11748,6699,6877,6665,3023,6775,35473,6649,6842,6391,6393}"
3773403,c4ded2ff-5fcb-48b8-86e8-0f977946925b,3421,"{20055,32480,5492,6826,43728,5211,6379,8118,5477,30486,5503}"
3773415,1893a0ff-3711-4a97-8259-ef2013a5bab9,433,"{20055,21881,5213,6826,5211,5203,8118,30486,5477,5487,5503}"
3773415,2a451c81-4437-47fb-887d-a649aa102ea4,4141,"{29198,24322,23934,24593,24616,24712,23973,6613,23811,23971,20542}"
3773415,df27919b-bf7a-48a5-a31b-56d0496b47f0,4141,"{29198,24322,23934,24593,24616,23970,23973,23967,23811,6613,7578}"
3773415,22af56af-0543-44bd-b282-268cd26515cf,433,"{20055,21881,5213,6826,5211,5203,8118,30486,5487,5477,5503}"
3773415,7ef22c88-4464-4cfa-89fd-ab9456c1384c,433,"{20055,21881,5213,6826,5211,6947,8118,30486,5477,5503,4447}"
3773415,e4e517be-35cd-47ff-8d61-38b970064fce,4231,"{20055,21881,5213,6826,5211,6947,8118,22390,5503,5477,4447}"
3773415,77726067-a48f-46e8-b126-64830fccbda8,352,"{29198,24322,23934,24593,6908,24616,30370,23970,23967,7578,6613}"
3773415,98e3d63a-e3f9-4fc0-bab6-f10937a15450,433,"{20055,43728,5213,6826,5211,8118,6947,24841,22390,5503,4447}"
3773428,f7c60ec5-48aa-40f5-b8e8-8e1ffe24b76a,4141,"{29198,24322,23934,24593,24616,30370,23971,2961,23967,23811,24053}"
3773428,8f559cfe-f291-4ff2-89b9-29e0c3ec8c1b,4231,"{20055,21881,43728,6826,5211,5203,8118,5503,5487,3501,4447}"
3773428,709654e3-d4e2-4180-bfcc-4b8306091cb0,4141,"{29198,24322,6579,23934,24616,30370,23971,2961,23967,23811,24053}"
3773428,e7d16d25-4728-43e4-b712-cd27b8324bc0,4231,"{20055,21881,8118,6826,5211,5203,30486,5503,5487,5477,4447}"
3773457,9d9578b5-c08c-4279-8f74-b6b1497398c1,352,"{20055,32480,5213,6826,5477,5211,5203,39073,30486,5487,5503}"
3773457,5008c221-4ae6-4f3c-b45f-151026e68e6e,442,"{40890,22029,11388,75546,6757,6799,11389,6609,6724,5217,6594}"
3773457,b110d0f0-b204-4b74-b8e9-36eda6e4336d,352,"{20055,21881,32480,6826,22390,5211,5203,39073,24841,4447,5503}"
3773466,a0b1d2b0-a39b-4ebb-ae00-193263704e9f,352,"{40890,16555,6585,24730,6805,35000,5523,47447,6609,6803,5217}"
3773466,eb5c3a04-1d28-4383-bc54-16a51963e104,4231,"{6590,6379,5213,6826,5211,5203,8118,5487,3501,30756,5503}"
3773466,9a95b3a0-1bb7-4815-bbc1-ffa29e285758,352,"{40890,16555,6585,11388,6805,24730,5523,47447,6609,6803,5217}"
3773466,95d24655-81f5-4f89-9743-168d329162a9,352,"{40890,16555,6585,11388,6805,24730,5523,47447,6609,5217,6803}"
3773466,5938b54f-64d3-4636-b2f7-e63d3d92ab1b,352,"{40890,16555,6585,11388,6805,24730,5523,47447,6609,6803,5217}"
3773466,e0ed83ba-c4bf-4989-97b0-f2f44ae91183,352,"{40890,16555,6585,11388,6805,24730,5523,47447,6609,5217,6803}"
3773466,d8b0d82b-3b9c-4124-9115-13774702723b,4231,"{6590,6379,32480,5213,5211,5203,8118,5503,3501,30756,6826}"
3773466,cb92c788-4f10-4cce-8e50-ed4bb9a4bc1e,352,"{40890,6805,11388,6585,47447,24730,5523,39598,6609,6803,5217}"
3773466,95b52782-0c0c-41f4-acdb-b9c77845540d,4231,"{40890,6805,11388,6585,24730,5523,6609,39598,5217,6724,6594}"
3773466,9faae9c8-23ea-41be-9316-e99223c645ce,4231,"{40890,6805,11388,6585,24730,5523,6609,39598,5217,6724,6594}"
3773466,3759f282-67be-42cb-8d36-f713b727f714,4231,"{40890,6805,6585,11388,24730,5523,6609,39598,5217,6724,6594}"
3773466,0f3857b2-66ef-4786-97b4-004dc80777ec,4231,"{40890,6805,11388,6585,24730,5523,6609,39598,5217,6724,6594}"
3773466,050cd9a8-7ede-4f9d-806d-cd76352c0403,4231,"{6590,6379,32480,5213,5211,5203,8118,22390,6826,30486,5503}"
3773474,ad90317e-7b7c-4a69-a0a1-6e5fea455b2d,3421,"{20055,43728,8118,6826,21881,5211,5203,30486,5503,5487,5477}"
3773474,107c4a9c-3b50-4159-b29e-9cb196823c4c,352,"{11302,6872,21225,24730,3417,11298,11296,3610,11300,17027,8540}"
3773474,7b6e0172-107f-47be-aa31-34be44431d27,4141,"{20055,21881,43728,6826,5211,5203,5503,8118,30486,5487,5477}"
3773474,34cff756-a233-4913-b521-0db28e99e584,433,"{20055,21881,32480,6826,5211,8118,22390,30486,5503,5477,4447}"
3773477,59764e6a-5b56-4d33-a2a4-3ff2a738a1bd,442,"{20055,6379,5213,6826,5211,5203,8118,5477,30486,5487,30756}"
3773477,0ddd04fc-79fe-4648-93d5-d66b6650f7ef,4231,"{4691,23522,6648,7068,11538,5214,26404,6651,6673,6658,6880}"
3773477,3c865809-9f13-49cd-bebd-d8a011b09f9d,442,"{20055,6379,5213,6826,5211,5203,8118,5477,30486,5503,5487}"
3773477,fd73027d-f6bc-43ff-8170-9f780e460114,4231,"{4691,23522,7068,6752,11538,5214,6673,6851,6648,26404,6880}"
3773477,ca952df1-417d-4703-9597-f63f57d3f8f5,4231,"{4691,23522,7068,6752,11538,5214,26404,6851,6648,6673,7910}"
3773497,0af194ba-5206-40b2-a5e9-3353177eefc3,4141,"{3509,5200,13620,5202,3804,5539,6773,5463,5574,18395,19677}"
3773497,2d42b07b-a2dd-449d-932e-665ca5155f24,343,"{20055,43728,32480,6826,21881,5211,5203,8118,5503,30486,5477}"
3773497,839bba9f-8750-4c57-91b2-337311594de9,352,"{20055,43728,32480,6826,5477,5211,5203,8118,30486,5503,5487}"
3773497,315e9b17-d9eb-4ca6-b63d-14cfc74e9ed9,352,"{20055,43728,39073,6826,6379,5211,8118,22390,5487,5503,4447}"
3773523,53fa9c1e-dd11-45c3-bfcb-206908a631e4,4231,"{20055,21881,32480,43728,5211,5203,8118,5487,30486,4447,5503}"
3773523,fe031f44-e539-4a97-82d3-0bf85d991801,433,"{32185,6670,6676,22128,3498,24921,24236,3042,6330,6582,6721}"
3773523,8336be30-6098-4b78-9391-65b2592e2546,433,"{32185,6670,6676,22128,3498,24921,47375,3042,6582,22321,6721}"
3773523,46ec2292-3f9c-4505-96d5-4c5a59d5408c,433,"{20055,21881,32480,43728,5211,6947,13599,8118,22390,4447,5503}"
3773526,4ae13b27-825c-4bfc-8139-bb3aa3a969d5,433,"{20055,43728,8118,6826,17304,5203,39073,24841,22390,5487,5503}"
3773526,75d87558-c436-4e5f-abe5-1f2ce1be12b1,442,"{6629,6618,30419,3093,6612,26387,10605,6622,6387,3265,6732}"
3773526,a6562cea-01bb-4935-8d59-c042ce4036a1,433,"{20055,43728,6826,5492,17304,8118,39073,24841,22390,5487,5503}"
3773526,962c0ae7-eda6-4a90-bfda-767080488f55,442,"{6629,30419,6615,3093,6612,26387,10605,6622,24049,3265,6732}"
3773547,20422035-9158-4f34-9740-ec288832f7da,433,"{20055,21881,43728,6826,5211,8118,30486,3501,5503,5487,4447}"
3773547,4513ce6e-6430-4ac2-a632-860f28f66d89,442,"{24211,6591,23949,6693,6830,30277,23944,23945,6581,23943,8654}"
3773547,deb16ba4-001c-4e9e-9b72-d4660d329568,433,"{20055,17304,43728,6826,5211,8118,5203,5477,22390,5487,5503}"
3773547,a946f719-cf4b-4587-b761-5509276fd6d7,4231,"{20055,17304,43728,8118,5211,5203,13599,22390,5487,5477,5503}"
3773552,7ed7116f-87de-456c-93cc-0c7c30698de1,433,"{25598,11677,21399,6603,23322,6656,6733,30483,22199,20063,23812}"
3773552,d3b8996a-0791-49fc-9d7b-ecd3f08b1d16,433,"{20055,21881,32480,6826,5211,5203,8118,30486,5503,5477,4447}"
3773552,0f89d6a0-0863-491f-95e6-48d9d5564cd3,433,"{25598,11670,21399,6603,23322,23307,6733,24055,23812,20063,3810}"
3773552,8175825a-bc74-43b9-b690-f6167b00bac6,433,"{20055,43728,32480,6826,5211,8118,6947,30486,5503,5477,5487}"
3773565,21e8b625-3428-41c9-9a23-123097f14b5e,4231,"{24140,4546,23807,24134,25702,16249,24052,24126,24144,11501,26009}"
3773565,48d929f7-34f5-4bbb-93bd-febfa94ceec8,433,"{20055,21881,43728,5492,5211,5203,8118,30486,5477,5487,5503}"
3773565,0832e91e-5a70-4b02-8877-505a20db069e,4231,"{24140,6893,23807,24134,4546,16249,24052,24126,24272,11501,24093}"
3773565,4c8f4307-2f43-4136-b8ae-9f5e4f9c99b8,433,"{20055,21881,43728,5492,5211,5203,6947,24841,22390,5487,4447}"
3773565,50114a87-db28-4cfa-a93d-b0e7a2acc77b,4231,"{24140,4546,23807,24134,24126,24052,24272,24037,6893,3666,24093}"
3773571,a489b744-478f-436c-b72b-1bfe9ce39b87,442,"{11302,12073,22020,21225,11298,23627,11301,11300,11296,29310,31235}"
3773571,ff9f7a8e-3e22-42e4-a718-1238674343ab,3421,"{20055,43728,32480,6826,21881,5211,6947,8118,5503,30486,4447}"
3773571,f2493899-fb0d-427d-b9c7-4c9b606e621f,442,"{11302,12073,22020,11300,11298,7105,3610,17027,40881,29310,11291}"
3773585,3ca68689-d1bf-4a4a-839b-77ee6ba60015,442,"{6590,21881,5213,6826,5211,5203,8118,30486,3501,30756,5503}"
3773585,eed6b579-77dd-4378-904b-9cd1758af124,433,"{3509,5202,5485,5201,3804,5539,6773,5574,5719,18395,19677}"
3773585,46fdfc27-09bf-4944-9fe0-20bb8f0a40dd,352,"{6590,21881,5213,6826,22390,8118,3501,5487,5477,4447,5503}"
3773586,7e642c09-b07a-47ae-892e-b55df07d4c18,352,"{20055,43728,5213,5492,6379,5211,5203,8118,39073,5503,5487}"
3773586,41324c0b-7147-499f-a4a5-0c27ca9eb4dd,343,"{25704,24133,24134,30081,4546,24138,16249,24052,24093,11501,26009}"
3773586,2c270a13-9592-4d06-b5a3-68ac56cae065,4141,"{20055,6379,5213,5492,5211,5203,5477,8118,30486,5487,5503}"
3773586,2c37a3ee-2220-4c07-a4f9-aa37244d995e,4231,"{20055,6379,5213,5492,5211,8118,30486,22390,5503,5477,5487}"
3773587,e66c764f-c630-41a1-ab89-e2bd699e7305,442,"{6722,6627,6634,6809,7104,6901,6863,3991,17620,11550,11671}"
3773587,7da348f5-93d7-4161-97af-ccf52ed7db2a,4231,"{6590,6379,5213,6826,21881,5203,8118,5503,30486,5477,5487}"
3773587,17ec256b-abd2-4c9f-986b-e4c9c05264b6,4231,"{6590,6379,5213,6826,21881,5203,3501,22390,5503,30756,4447}"
3773587,31dca936-87dd-47db-bb3d-1f7a914ea81e,442,"{6722,6627,6634,6809,7104,6863,6786,3991,17620,6760,6901}"
3773593,40d68363-a5b2-42b1-b9bd-d8e7c19ad977,4231,"{6590,6379,5213,6826,5211,5203,8118,5487,3501,30756,5503}"
3773593,31f408d6-6b40-4580-87f4-0484c92d1ba3,442,"{6755,6772,7030,6892,24085,16335,6595,3437,11675,6766,6402}"
3773593,6895a447-fba6-4f7b-9976-9b29258ac2c3,433,"{6755,6772,7030,6892,24085,3497,6771,6595,16335,11675,6766}"
3773597,b721672c-14e8-4275-a09d-520c50435908,343,"{32185,6676,24921,22128,6670,23212,24236,3042,6582,6685,8819}"
3773597,8e52d9b2-ea2a-4f4a-bd85-7600fa8d60e6,3421,"{20055,43728,8118,6826,21881,5211,5203,30486,5503,5487,5477}"
3773597,7c70200a-fef9-43b2-8b59-e4bbb3d02ec6,3421,"{20055,43728,32480,6826,21881,5211,8118,39073,5503,5487,5477}"
3773597,1eca88fb-435d-4231-b14b-a75e27f79bda,343,"{32185,22321,6676,22128,6330,23212,24236,3042,8819,6685,8866}"
3773597,b5d3be36-dcc0-4b15-8391-8592773df6b6,352,"{20055,43728,32480,6826,22390,5211,8118,24841,39073,5503,4447}"
3773597,8dcd2017-1a52-4fb6-b106-19245969cb0b,343,"{32185,22321,22128,10709,6330,23212,24236,3042,6906,6685,8866}"
3773625,a5f2213a-f0dd-4bb5-9c9e-f0a5ddd54b09,4231,"{6785,6821,4445,3366,6718,6701,16003,7006,5470,6616,20033}"
3773625,91d0dad0-46d2-4dcd-9859-568db77c58b4,352,"{20055,43728,5213,6826,21881,5211,5203,8118,30486,5503,5477}"
3773625,f8a64c12-b19f-4f18-83af-cf3b649f36d8,4231,"{6785,6821,4445,8572,6718,6701,16003,6301,5470,7022,20033}"
3773631,c0c95230-0692-484e-af44-af73b2897712,4231,"{16309,23522,6648,6752,11538,42282,5563,6851,2948,6695,11391}"
3773631,3637e881-5297-496e-b1f4-9b5917d5c66f,433,"{20055,43728,32480,6826,5211,5203,6947,24841,5477,4447,5487}"
3773631,80963c76-5141-4e56-b49d-0f5fc0a2631c,4231,"{20055,43728,8118,6826,5211,5203,30486,5477,5503,22390,5487}"
3773631,90e5633e-3e63-44bc-b34a-46f4ac8e0cdf,4231,"{20055,43728,6826,5492,5211,8118,30486,5477,5503,22390,5487}"
3773656,d4d0bacd-5c2f-4f08-8cd9-625de01abd3e,352,"{6378,6376,5259,6790,3308,5633,5199,6840,6381,6377,12041}"
3773656,9740c515-1b3f-4a66-a767-f386b6354f33,4231,"{20055,6379,5213,6826,5211,6947,8118,5477,5503,30486,5487}"
3773656,317e0b38-ab60-415c-969b-2f159b6e0b44,4231,"{20055,21881,8118,6826,5211,6379,6947,5477,5503,3501,5487}"
3773656,9ca1efaa-bcad-46cb-ad5e-28b9d4778d34,352,"{6378,6376,5259,6790,3308,5633,5199,6589,6381,5198,3245}"
3773656,675cd268-6dfe-47f1-8d82-48a109ae366c,4141,"{20055,21881,8118,6826,5211,6379,22390,5503,3501,5477,4447}"
3773660,475f697d-0c3d-4d61-ac0b-1203d1a27a71,4231,"{20055,21881,32480,6826,5211,5203,8118,5487,3501,4447,5503}"
3773660,89af0e83-2fd9-4802-a356-b4928c3b4ab9,442,"{23344,6672,6682,6592,23948,17303,23966,32673,11669,30593,6684}"
3773660,022e15a0-57a7-4f15-ba4a-12c510d9e644,4231,"{20055,21881,32480,6826,5211,5203,8118,5503,5487,3501,4447}"
3773660,1ffa29a1-9266-4b1d-99cb-a87c0ac1341c,343,"{20055,32480,5492,6826,21881,5211,30486,8118,5503,22390,4447}"
3773661,3a52e732-078b-44af-98af-9ce42a6c5def,352,"{20055,43728,5213,6826,6379,5211,5203,8118,30486,5503,5487}"
3773661,9abef9be-db2a-4ad6-ba06-0e0578b7a1a6,433,"{6722,6627,6634,35287,17620,6681,13599,6901,71519,31090,6611}"
3773661,59f95c8d-ccab-47a9-abb7-decd51fb765e,352,"{20055,43728,32480,8118,6379,5211,5203,39073,30486,5503,5487}"
3773661,69ba94b2-1ab5-4aa1-9fc6-d40792b6e078,352,"{20055,8118,32480,5492,22390,5211,5203,39073,30486,5503,5487}"
3773665,0f7899bf-6895-4953-974d-cdbc06d04fd5,442,"{24211,6591,24212,23950,33339,12419,30277,23947,23943,6930,24315}"
3773665,169aa423-72a2-431c-8dc9-132edbfa893a,352,"{20055,43728,6826,5492,21881,5211,5203,8118,30486,5503,5487}"
3773665,cdf7db65-c66a-4236-babc-410913c5bcb0,433,"{20055,21881,43728,6826,5211,5203,8118,30486,5477,5487,5503}"
3773672,4680407b-13c5-4bbc-ad38-0ee780b866d6,4231,"{6590,6379,32480,5213,5211,5203,8118,5487,3501,30756,5503}"
3773672,05ddae35-6738-4e9f-82d6-3818d157d431,433,"{6785,6821,4445,3366,19597,16003,5470,6701,4345,7022,20033}"
3773672,99911264-a81a-4eb0-9d26-b011a42510d1,433,"{6785,6821,4445,3366,19597,16003,5470,6701,7022,4345,20033}"
3773689,af62529a-c9d9-4beb-a7f1-fba8e2848062,442,"{6755,21081,7030,6892,3515,16335,3721,6595,6771,6766,6402}"
3773689,c51375e2-1c7c-4bd0-81ec-d47771f684f4,352,"{20055,43728,5213,6826,21881,5211,5203,8118,30486,5503,5487}"
3773689,84ed3498-b0c6-4875-82bc-b64798bc9c2f,352,"{20055,32480,5213,6826,43728,5211,8118,6379,39073,5503,5477}"
3773689,df60cf75-d51c-425d-a8e1-3fb5c55593bd,442,"{6755,6772,21081,6892,24085,50494,3437,6595,11675,6766,6771}"
3773695,527bfacc-ee8f-4720-b7c2-4e7e04910871,352,"{8652,6746,35641,6587,22107,6596,6797,6583,24267,6297,4367}"
3773695,bb1a30c7-8dc2-41c9-a2b4-9c02b6c5c183,352,"{20055,32480,5213,6826,21881,5211,5203,8118,30486,5503,5487}"
3773695,7ea2e17a-59b7-492e-b9f8-a41c65d90089,442,"{8652,22107,6746,4267,6596,31931,6797,6583,4367,6401,6297}"
